{"cameraMode":{"drawMode":0,"name":"Shaded","section":"Shading Mode"},"sceneLighting":false,"audioPlay":false,"sceneViewState":{"m_AlwaysRefresh":false,"showFog":true,"showSkybox":false,"showFlares":true,"showImageEffects":true,"showParticleSystems":true,"showVisualEffectGraphs":true,"m_FxEnabled":true},"in2DMode":false,"pivot":{"x":-0.13505829870700837,"y":1.554951786994934,"z":-1.6731480360031129},"rotation":{"x":-0.0000676133859087713,"y":-0.999910831451416,"z":0.013808690942823887,"w":-0.005706449504941702},"size":1.1294662952423096,"orthographic":false}