{"cameraMode":{"drawMode":0,"name":"Shaded","section":"Shading Mode"},"sceneLighting":true,"audioPlay":false,"sceneViewState":{"m_AlwaysRefresh":false,"showFog":true,"showSkybox":true,"showFlares":true,"showImageEffects":true,"showParticleSystems":true,"showVisualEffectGraphs":true,"m_FxEnabled":true},"in2DMode":false,"pivot":{"x":49.12997055053711,"y":3.0163493156433107,"z":14.577417373657227},"rotation":{"x":0.13182081282138825,"y":0.6869730353355408,"z":-0.1280626803636551,"w":0.7032486200332642},"size":0.8660253882408142,"orthographic":false}