{"cameraMode":{"drawMode":0,"name":"Shaded","section":"Shading Mode"},"sceneLighting":true,"audioPlay":false,"sceneViewState":{"m_AlwaysRefresh":false,"showFog":true,"showSkybox":true,"showFlares":true,"showImageEffects":true,"showParticleSystems":true,"showVisualEffectGraphs":true,"m_FxEnabled":true},"in2DMode":false,"pivot":{"x":61.47450637817383,"y":-0.4427034258842468,"z":-4.197318077087402},"rotation":{"x":0.035691745579242709,"y":0.6960010528564453,"z":-0.034714601933956149,"w":0.7163442969322205},"size":12.461819648742676,"orthographic":false}