{"cameraMode":{"drawMode":0,"name":"Shaded","section":"Shading Mode"},"sceneLighting":false,"audioPlay":false,"sceneViewState":{"m_AlwaysRefresh":false,"showFog":true,"showSkybox":false,"showFlares":true,"showImageEffects":true,"showParticleSystems":true,"showVisualEffectGraphs":true,"m_FxEnabled":true},"in2DMode":false,"pivot":{"x":-0.07805235683917999,"y":1.1588501930236817,"z":-1.556580901145935},"rotation":{"x":-0.0024532023817300798,"y":-0.9857837557792664,"z":0.16750112175941468,"w":-0.014500439167022705},"size":1.1294662952423096,"orthographic":false}